{
    "duicore":{
        "version":"1.10.0.1"
    },
    "android":{
        "algorithm_version":{
            "WTK_CORE_VERSION":"v1.1.23",
            "ASR_VERSION":"v1.1.7",
            "VAD_VERSION":"v1.3.11",
            "ASRPP_VERSION":"v1.0.17",
            "VPRINT_VERSION":"v1.3.22",
            "LOCAL_WAKEUP_VERSION":"v1.6.29",
            "AEC_VERSION":"v2.0.0.130",
            "NR_VERSION":"v1.0.1",
            "TTS_VERSION":"v2.1.43",
            "FESPCAR_VERSION":"v3.0.3.3",
            "SSPE_VERSION":"v2.0.0.130",
            "SEVC_VERSION":"v2.0.0.130",
            "MDS_VERSION":"v2.70.0.26"
        },
        "core":{
            "wtk":{
                "version":"v2.50.1"
            },
            "aec":{
                "version":"v2.50.1"
            },
            "wakeup":{
                "version":"v2.50.1"
            },
            "tts":{
                "version":"v2.50.1"
            },
            "asr":{
                "version":"v2.50.1"
            },
            "gram":{
                "version":"v2.50.1"
            },
            "vad":{
                "version":"v2.50.1"
            },
            "nr":{
                "version":"v2.0.1"
            },
            "asrpp":{
                "version":"v2.50.1"
            },
            "fespCar":{
                "version":"v2.22.2"
            }
        },
        "wakeup":{
            "res_format":"wakeup.bin",
            "res_name":"wkp_aicar_common_mergeV4.bin",
            "res_md5":"dad8761f827d230b7781c81b8c108829"
        },
        "wakeup_far":{
            "res_format":"wakeup_far.bin",
            "res_name":"wakeup_aifar_comm_h7_20210127.bin",
            "res_md5":"33a6ebbc4940111abb08a59d39b3c84d"
        },
        "wakeup_vprint":{
            "res_format":"wakeup_vprint.bin",
            "res_name":"wakeup_aicar_comm_v0.19.0_vp1.3.bin",
            "res_md5":"a43427721fea1c01954d89ff8a1025a7"
        },
        "near_wakeup":{
            "res_nearwakeup_far_format":"wakeup_far.bin",
            "res_nearwakeup_far_name":"wakeup_aifar_comm_h7_20210127.bin",
            "res_nearwakeup_far_md5":"33a6ebbc4940111abb08a59d39b3c84d",
            "res_mds_wakeup_format":"mds_wakeup.bin",
            "res_mds_wakeup_name":"res_mds_v2.70.0.10_mds_offline_ch1_1_0_config_20201209_v2.70.0.10.bin",
            "res_mds_wakeup_md5":"a4e34304acbd74ae961d93687b96114c"
        },
        "aec":{
            "res_format":"aec.bin",
            "res_name":"sspe_aec_ch2_mic1_ref1_asr_v2.0.0.130.bin",
            "res_md5":"1479595023add4d5c316881d0bb772a0"
        },
        "tts":{
            "res_db_format":"sent_dict.db",
            "res_db_name":"v2.1.42_aitts_sent_dict_local.db",
            "res_db_md5":"3c2c1fb8b11044985b583748c5886038",
            "res_front_format":"local_front.bin",
            "res_front_name":"v2.1.43_local_front.bin",
            "res_front_md5":"00c752c4eb6f854c418a3fb83970b285",
            "res_speaker_f_format":"zhilingf.bin",
            "res_speaker_f_name":"lzlinf_lstm_210827.bin",
            "res_speaker_f_md5":"15cbf5ca6b751e63daf0066af8e000f6",
            "res_speaker_m_format":"gdgm.bin",
            "res_speaker_m_name":"guodgm_common_back_ce_local.v2.1.0.bin",
            "res_speaker_m_md5":"37774d4cb191078fb18eda6084eab651"
        },
        "asr":{
            "res_format":"ebnfr.bin",
            "res_name":"ebnfr.aicar.1.3.0.bin",
            "res_md5":"6e071b8e5ba636749768b381dc8d1121"
        },
        "gram":{
            "res_format":"ebnfc.bin",
            "res_name":"ebnfc.aicar.1.2.0.bin",
            "res_md5":"7ba56ccc88685f1f280bb4325a43d121"
        },
        "asrpp":{
            "res_age_format":"asrpp_age.bin",
            "res_age_name":"local_model_16k_age_6skip_8bit_dir2019-11-22.bin",
            "res_age_md5":"ee7eb7a134cf30681b28d4d3f72a4a18",
            "res_gender_format":"asrpp_gender.bin",
            "res_gender_name":"gender_local_model_dir_2019-09-02.bin",
            "res_gender_md5":"c8d2616df79d5332ea71dcf020859136"
        },
        "nr":{
            "res_format":"nr.bin",
            "res_name":"NR_ch1-2-ch1_com_20171117_v1.0.0.bin",
            "res_md5":"048a1b269b9ca336e924a02efe3e247c"
        },
        "vad":{
            "res_format":"vad.bin",
            "res_name":"vad_aicar_v0.15.bin",
            "res_md5":"5d4dcddca502ea0d4a5fcddfddb3318f",
            "res_ssp_format":"vad_aicar_ssp.bin",
            "res_ssp_name":"?????",
            "res_ssp_md5":"1360f8fcb3d1ff3ac48a531a89f71132",
            "res_far_format":"vad_far.bin",
            "res_far_name":"vad_aihome_v0.12c.bin",
            "res_far_md5":"d2360db86476969fb81626445d80b84e"
        },
        "ula":{
            "res_mds_ula_2_format":"mds_ula_2.bin",
            "res_mds_ula_2_name":"mds_offline_ch2_2_0_config_35mm_select1-2_usingAecOut_v2.70.0.26.bin",
            "res_mds_ula_2_md5":"fae56515267820d52c312b97fdd2d5a6",
            "res_mds_ula_4_format":"mds_ula_4.bin",
            "res_mds_ula_4_name":"mds_offline_ch4_4_0_config_35mm_select1-2_usingAecOut_v2.70.0.26.bin",
            "res_mds_ula_4_md5":"f55a134af8793cf409e7e0becdf45437",
            "res_voip_ula_4_format":"sevc_line_4.bin",
            "res_voip_ula_4_name":"sspe_aec_uca_nr_agc_70mm_6ch_4mic_2ref_voip_v2.0.0.130.bin",
            "res_voip_ula_4_md5":"94fb1a06e7780549d0e4d1afc1af5c82",
            "res_voip_ula_2_format":"sevc_line_2.bin",
            "res_voip_ula_2_name":"sspe_aec_uda_nr_agc_35mm_4ch_2mic_2ref_voip_v2.0.0.130.bin",
            "res_voip_ula_2_md5":"2ad6a42865d595fc8a12663739c2774f"
        },
        "fespCar":{
            "res_aec_format":"aec4_2.bin",
            "res_aec_name":"AEC_ch4-2-ch2_2ref_common_20191115_v2.0.8.bin",
            "res_aec_md5":"eccbb31cf909aa4648781669234cf594",
            "res_uda_format":"UDA_asr.bin",
            "res_uda_name":"ULDA_asr_ch2_2_ch2_30mm_20190910_v1.1.1.2_nlms0ff_vpOn_tpA.bin",
            "res_uda_md5":"ff584d17692cffd66350ce8a0b508348",
            "res_wakeup_ssp_format":"wakeup_aicar_ssp.bin",
            "res_wakeup_ssp_name":"wakeup_aicar_comm_v0.19.0_use_stream_vp1.3.bin",
            "res_wakeup_ssp_md5":"f83b4d00ccd3e22fc16c160d541e423d"
        },
        "sspe":{
            "res_sspe_uda_format":"sspe_uda_2.bin",
            "res_sspe_uda_name":"sspe_uda-wkp_30mm_ch2_2mic_0ref_release-v2.0.0.130.bin",
            "res_sspe_uda_md5":"21dbeba820d3321f1ecd154216435862",

            "res_sspe_ula_4_format":"sspe_ula_4.bin",
            "res_sspe_ula_4_name":"sspe_ula-wkp_35mm_ch4_4mic_0ref_release-v2.0.0.130.bin",
            "res_sspe_ula_4_md5":"3bb4822269f67552397f28509b5ee16a",

            "res_sspe_ula_6_format":"sspe_ula_6.bin",
            "res_sspe_ula_6_name":"sspe_ula-wkp_35mm_ch6_6mic_0ref_release-v2.0.0.130.bin",
            "res_sspe_ula_6_md5":"e6fde903d6c891fa27d86202a1865c67",

            "res_sspe_uca_4_format":"sspe_uca_4.bin",
            "res_sspe_uca_4_name":"sspe_uca-wkp_70mm_ch4_4mic_0ref_release-v2.0.0.130.bin",
            "res_sspe_uca_4_md5":"f7f74c256a13d3bf63b1e147203e06dd",

            "res_sspe_uca_6_format":"sspe_uca_6.bin",
            "res_sspe_uca_6_name":"sspe_uca-wkp_72mm_ch6_6mic_0ref_release-v2.0.0.130.bin",
            "res_sspe_uca_6_md5":"002a28e21596d26a9ab274ed11bea497"
        },
        "vprint":{
            "res_gender_format":"asrpp_gender.bin",
            "res_gender_name":"gender_local_model_dir_2019-09-02.bin",
            "res_gender_md5":"c8d2616df79d5332ea71dcf020859136",
            "res_1_mic_format":"vprint_1.bin",
            "res_1_mic_name":"vprint_aihome_nhxc_1mic_v2.bin",
            "res_1_mic_md5":"b0a83e46876deaca6de6efb7b634c60e",
            "res_2_mic_format":"vprint_2.bin",
            "res_2_mic_name":"vprint_aihome_nhxc_2mic_v2.bin",
            "res_2_mic_md5":"cda688b6c108acf904ee240a4a783af7"
        }
    },
    "ios":{
        "core":{
            "wtk":{
                "version":"libwtk.v1.9.33.ios_release"
            },
            "wakeup":{
                "version":"v1.4.1"
            },
            "aec":{
                "version":"aec.v0.9.4"
            },
            "tts":{
                "version":"libtts.v2.1.2.ios_release"
            },
            "asr":{
                "version":"wtk1.9.23.5"
            },
            "gram":{
                "version":"wtk1.9.23.5"
            }
        },
        "wakeup":{
            "res_format":"wakeup.bin",
            "res_name":"wakeup_aicar_comm_v0.16.0.bin",
            "res_md5":"c857b59088c81876823c352e10fe00e4"
        },
        "wakeup_far":{
            "res_format":"wakeup_far.bin",
            "res_name":"wakeup_aifar_comm_20180104.bin",
            "res_md5":"0507e6588c7fc6d8ca4feeb12e6cec68"
        },
        "aec":{
            "res_format":"aec.bin",
            "res_name":"AEC_ch2-2-ch1_1ref_common_20170710_v0.8.1.bin",
            "res_md5":"da8969211cde7b1759e487c3647cedd5"
        },
        "tts":{
            "res_db_format":"sent_dict.db",
            "res_db_name":"aitts_sent_dict_idx_2.0.4_20180806.db",
            "res_db_md5":"a6775089c8e9c4ed5ba61e7687f37666",
            "res_front_format":"local_front.bin",
            "res_front_name":"local_front.bin",
            "res_front_md5":"a13bd7d564ed5b9c39ae7e0af66e91b3",
            "res_speaker_f_format":"zhilingf.bin",
            "res_speaker_f_name":"zhilingf_common_back_ce_local.v2.1.0.bin",
            "res_speaker_f_md5":"ec0265859c87b097eb51fbf762c69aeb",
            "res_speaker_m_format":"gdgm.bin",
            "res_speaker_m_name":"guodgm_common_back_ce_local.v2.1.0.bin",
            "res_speaker_m_md5":"37774d4cb191078fb18eda6084eab651"
        },
        "asr":{
            "res_format":"ebnfr.bin",
            "res_name":"ebnfr.aicar.1.3.0.bin",
            "res_md5":"6e071b8e5ba636749768b381dc8d1121"
        },
        "gram":{
            "res_format":"ebnfc.bin",
            "res_name":"ebnfc.aicar.1.1.0.bin",
            "res_md5":"248a8bcc98a4db842ee9eceb38fe9b0b"
        },
        "ula":{
            "res_ula_format":"ULA_asr_4.bin",
            "res_ula_name":"ULA_asr_ch4-2-ch4_35mm_20180612_v1.1.0.1.bin",
            "res_ula_md5":"7eb5304cd670860dc11045de655d62eb"
        },
        "uca":{
            "res_uca_6_format":"UCA_asr_6.bin",
            "res_uca_6_name":"UCA_asr_ch6-2-ch6_72mm_comm_20180504_v1.2.5.bin",
            "res_uca_6_md5":"7cd614b9c03e56f73f9becdadf584509"
        }
    },
    "windows":{
        "core":{
            "aec":{
                "version":"v2.23.0"
            },
            "fdm":{
                "version":"v2.23.0"
            },
            "linemic":{
                "version":"v2.23.0"
            },
            "fespa":{
                "version":"v2.23.0"
            },
            "wakeup":{
                "version":"v2.23.0"
            },
            "tts":{
                "version":"v2.23.0"
            },
            "asr":{
                "version":"v2.23.0"
            },
            "gram":{
                "version":"v2.23.0"
            },
            "vad":{
                "version":"v2.23.0"
            },
            "fespd":{
                "version":"v2.23.0"
            },
            "semantic":{
                "version":"dui.0.0.3"
            }
        },
        "wakeup":{
            "res_format":"wakeup.bin",
            "res_name":"wakeup_aicar_comm_v0.19.0.bin",
            "res_md5":"905bd9e06f6d7ea48ba95d8ba6ed9361"
        },
        "wakeup_far":{
            "res_format":"wakeup_far.bin",
            "res_name":"wakeup_aifar_comm_20180104.bin",
            "res_md5":"0507e6588c7fc6d8ca4feeb12e6cec68"
        },
        "aec":{
            "res_format":"aec.bin",
            "res_name":"AEC_ch2-2-ch1_1ref_emd_20200508_v2.50.0.10.bin",
            "res_md5":"fdc77bae435b2ae62850a4be2afa0732"
        },
        "tts":{
            "res_db_format":"sent_dict.db",
            "res_db_name":"aitts_sent_dict_local.db",
            "res_db_md5":"81b9685199acd09a3e4c88a514cf8225",
            "res_front_format":"local_front.bin",
            "res_front_name":"local_front.bin",
            "res_front_md5":"e0b9f07872d79d04b153449666cc2ae6",
            "res_speaker_f_format":"zhilingf.bin",
            "res_speaker_f_name":"zhilingf_common_back_ce_local.v2.1.0.bin",
            "res_speaker_f_md5":"ec0265859c87b097eb51fbf762c69aeb",
            "res_speaker_m_format":"gdgm.bin",
            "res_speaker_m_name":"guodgm_common_back_ce_local.v2.1.0.bin",
            "res_speaker_m_md5":"37774d4cb191078fb18eda6084eab651"
        },
        "asr":{
            "res_format":"ebnfr.bin",
            "res_name":"ebnfr.aicar.1.3.0.bin",
            "res_md5":"6e071b8e5ba636749768b381dc8d1121"
        },
        "gram":{
            "res_format":"ebnfc.bin",
            "res_name":"ebnfc.aicar.1.2.0.bin",
            "res_md5":"7ba56ccc88685f1f280bb4325a43d121"
        },
        "vad":{
            "res_format":"vad.bin",
            "res_name":"vad_aicar_v0.15.bin",
            "res_md5":"5d4dcddca502ea0d4a5fcddfddb3318f",
            "res_ssp_format":"vad_aicar_ssp.bin",
            "res_ssp_name":"vad_aicar_v0.15.bin",
            "res_ssp_md5":"5d4dcddca502ea0d4a5fcddfddb3318f",
            "res_far_format":"vad_far.bin",
            "res_far_name":"vad_aihome_v0.12c.bin",
            "res_far_md5":"d2360db86476969fb81626445d80b84e"
        },
        "ula":{
            "res_ula_2_format":"ULA_asr_2.bin",
            "res_ula_2_name":"UDA_asr_ch2_2_ch2_30mm_20200413_v2.0.0.30_nlmsOff_vpOff.bin",
            "res_ula_2_md5":"83f2e75ef068afb7fc0e6db5ce898ad0",
            "res_ula_4_format":"aec4.bin",
            "res_ula_4_name":"AEC_ch8-2-ch4_2ref_emd_20200508_v2.50.0.10.bin",
            "res_ula_4_md5":"14bfd750e9a62e41c4d1b4a5ad0195da",
            "res_ula_4_format":"ULA_asr_4.bin",
            "res_ula_4_name":"ULA_asr_ch4_2_mic4_35mm_20200413_v2.0.0.30_dirWavOff_VpOn.bin",
            "res_ula_4_md5":"0b3c56b5cd8e18fd5ccd81ab430c0589",
            "res_ula_6_format":"aec.bin",
            "res_ula_6_name":"AEC_ch8-2-ch6_2ref_emd_20200508_v2.50.0.10.bin",
            "res_ula_6_md5":"bcc37bab84a6f6ba33889edd850e3816",
            "res_ula_6_format":"ULA_asr_6.bin",
            "res_ula_6_name":"ULA_asr_ch6_2_ch6_35mm_20200413_v2.0.0.30_vpOff_asrpost0.bin",
            "res_ula_6_md5":"2012eaab282dc270b54152a198e38c7a",
            "res_mds_ula_2_format":"mds_ula_2.bin",
            "res_mds_ula_2_name":"mds_ch3_2_1_config_20191105_v2.1.0.14.bin",
            "res_mds_ula_2_md5":"5371b98130b4dc74d90923ca1421924a",
            "res_ULA_asr_vprint_2_format":"ULA_asr_vprint_2.bin",
            "res_ULA_asr_vprint_2_name":"UDA_asr_ch2_2_ch2_30mm_20200508_v2.0.0.35_nlmsOff_vpOn.bin",
            "res_ULA_asr_vprint_2_md5":"5714f22fd2bd2989be1b6655ccb64d3d",
            "res_ULA_asr_vprint_4_format":"ULA_asr_vprint_4.bin",
            "res_ULA_asr_vprint_4_name":"ULA_asr_ch4_2_mic4_35mm_20200413_v2.0.0.30_dirWavOff_VpOn.bin",
            "res_ULA_asr_vprint_4_md5":"0b3c56b5cd8e18fd5ccd81ab430c0589"
        },
        "uca":{
            "res_uca_4_format":"UCA_asr_4.bin",
            "res_uca_4_name":"UCA_asr_ch4-2-ch4_72mm_comm_20181220_v2.0.0_asrPost0.bin",
            "res_uca_4_md5":"879d94eba6665ce00cd9fc46715dd0ba",
            "res_uca_6_format":"UCA_asr_6.bin",
            "res_uca_6_name":"UCA_asr_ch6-2-ch6_72mm_comm_20190220_v2.0.0_wkpMTMode0.bin",
            "res_uca_6_md5":"febd52de662b73218abfbff9470661be"
        },
        "nlu":{
            "res_semantic_format":"semantic.lub",
            "res_semantic_name":"semantic_lua.local.encrypt.dui.0.0.3",
            "res_semantic__md5":"6eb43cdbec06b98e6adcab7e3d6e2fe9"
        }
    }
}